age,annual_income,credit_score,loan_amount,interest_rate,employment_years,default
25,944353.4731103673,680.7293077650592,356053.78401189286,13.720477478893233,27,0
46,771352.881209662,667.2104912521496,666738.966895503,12.203224003720734,14,0
24,497817.3063008358,576.4868510319859,877042.1301260929,16.45816648154737,10,0
40,347772.0473932987,612.1671422611,767879.0075717238,9.924916832393711,12,0
44,436153.1712870514,675.9578078765378,1033662.2545718651,7.705606960590097,19,1
60,658875.3299287241,702.2310375237995,900895.3540343798,17.246540712844535,18,0
49,789277.2875658807,598.183800957996,1566144.7770383952,5.0,6,0
35,150000.0,658.6838282338023,1472359.645234423,13.803127848185946,4,0
44,833871.9217939826,737.5044815553429,785210.1336847713,11.726630516151008,11,0
29,675230.9852872321,771.3612833434114,891889.7309558464,11.27056548177161,21,0
46,666948.2432635613,724.8971282097098,1231067.9925047178,18.733791577986675,32,0
63,722887.7431388983,722.0838009070324,451401.98227622063,14.471686240945878,6,0
47,582731.4196987469,705.2898015546522,955158.066205383,11.968874209944119,11,0
29,576052.0906151021,785.1844061196816,925490.535403492,9.62049641934128,2,0
60,723961.031074222,751.2911051397942,1586804.9720258159,13.005910577701991,24,0
59,457584.45299165696,652.1328339444968,832835.8265784625,10.25694578024105,0,0
25,243859.30530864594,645.6700901392472,1125140.112793264,14.646499903115986,33,0
28,575423.2920631245,628.9239309190975,1158492.004438229,22.01685932362514,14,0
21,644218.5081649087,689.4307612187457,1174223.5419187113,8.716637633028977,33,0
32,433521.9377477225,684.0728732828396,1309557.9787012525,15.678844796028221,8,1
27,439225.9702662751,646.3011123164138,550288.0719399889,13.49328360572197,1,0
40,585258.5022820119,678.5363722301391,1103266.0605540846,13.76257304018318,32,0
26,453042.1591108287,533.8225284758162,513422.4844834343,12.181572539594194,34,0
45,568617.3267313052,620.7753342509146,993832.3914978938,7.603683697057311,30,0
21,778817.4820863651,740.561763047662,936246.5238594157,13.23010677678224,22,0
55,200336.08984513424,572.2035104352093,823797.0819820638,16.8366287874476,11,0
30,372100.43136050226,659.0782993851162,938990.5373128142,17.64991666392389,12,0
35,628093.7585461949,660.1275744321231,1502214.120372951,10.81090543958057,17,1
59,566795.0256620648,670.0344736774599,745979.8688932807,11.310693137940444,6,0
25,449446.1744923162,686.3152985779743,588313.3922418053,12.457400008676606,4,0
30,641186.1856639065,555.1839539042437,820629.3884650479,9.100553963087771,29,0
44,648002.6314467231,678.5384630250202,785194.3910898834,19.854936092652906,24,0
56,734729.7581594238,678.5921699486664,967544.224090371,13.016508110201006,30,0
24,213097.88258856733,651.3401945444487,720312.6718352782,13.595837443493759,9,0
29,668236.0091088519,696.3455327205094,933232.793683396,14.02073041711307,10,0
40,619289.3057195008,657.0372814208994,1433799.2681825361,11.619341378666006,13,0
22,742510.356567903,500.63454360585047,574461.2755319411,12.335851109760135,31,0
21,545707.5004450829,636.1465324430118,1049509.9074878318,5.0,18,0
37,358724.61146558286,566.278156118017,966283.8713087098,17.133886978520792,24,0
52,425817.47026941675,627.321682603121,1187204.8704202506,17.212045041133496,17,0
50,736307.4187279912,591.8794134221513,933642.965468813,16.881143896115162,12,0
49,383064.4110892027,685.8576027077918,529579.1378073278,14.325463432021456,8,0
28,536350.4791434181,708.5523426508456,1281085.6449863757,17.340988673420508,9,0
44,732421.2846990846,687.5304585929811,857231.6192492787,15.670672679434226,1,0
31,409812.45508695714,658.93636659459,762344.655323127,9.14168304608693,27,0
62,626041.7274493705,772.2467618186406,985329.5093360003,14.45509231345125,2,0
56,150000.0,670.7894007032108,736266.6711098341,15.982990167054231,0,0
21,608124.6943342537,645.3256113243802,954271.1187605697,10.74218637297494,16,0
28,314560.8774067688,771.5000696072103,1341516.3438700766,5.656374922630006,29,0
44,498380.32537115767,686.9561610728146,894491.1863201286,14.772606749720829,33,0
49,821906.1641969807,689.636130249132,1082362.260926642,12.610929786793491,24,0
53,744016.8229835515,726.2818919958652,514053.84682438686,7.472519713328324,10,0
42,790183.2038700873,629.3248615898041,571888.3948185847,11.997140310411334,11,0
57,684878.8396643371,660.6329558596341,820114.0218714245,9.596056534820008,18,0
56,759161.6543374746,659.256816944277,1018833.9266741391,11.577073001052321,2,0
54,525218.108419336,717.4669739481269,1108918.3134931696,16.93914859851876,10,0
24,727861.852331331,749.3505425517219,609470.2098926506,15.61590546771045,22,0
48,583173.3940604727,660.98107297928,673784.4610808858,13.098996121846154,17,0
54,848090.1377354432,682.2928393958725,1374820.3539948552,7.514344326254701,33,0
40,416182.8381897491,573.3590656327414,584596.8948652883,9.603878128157826,5,0
48,516639.37528267433,563.1753797303797,911037.5721238045,5.770704413083978,8,0
25,661450.4336944333,768.4328655530783,1200423.1378704277,7.563284480357225,8,0
40,572790.737880433,658.0461811466956,1170879.8257512716,14.640355903647734,3,0
54,462591.31293434964,610.463044575964,656022.7499613916,10.979589350617598,7,0
51,271089.7310927928,649.968170197819,997121.0511723573,11.722131529106532,6,0
58,503391.11746334285,627.4370836441547,477226.7112956953,13.566207765914115,32,0
30,527301.8384129796,595.1059553930668,1346699.5858370848,8.3974016635001,25,0
50,506694.5394924411,645.8974678111643,1296062.326542684,9.201068625840307,3,0
38,681425.2129048485,625.3098862560871,634436.6292568117,22.42487637157584,24,0
52,592269.3845147938,643.1771290623393,606710.4732306261,13.931261071135921,2,0
23,687731.576984243,670.3189563282589,1320812.6677325347,11.665645536492294,33,0
40,740725.0371971932,685.3941913496714,691969.9303880843,13.865336327725217,14,0
39,692398.8475593467,719.0342522279166,819216.5541939129,16.193130710241668,13,0
42,788411.0650144732,693.6780088528618,781186.6612736492,9.830519351105828,34,0
24,287830.0121165104,729.7710108381949,1431497.1569239032,11.49929189153426,0,0
32,329219.4086648419,566.2582216737549,870805.8942213506,16.17271902853113,7,0
37,519216.5007204669,611.087953437952,771654.0657517547,11.42879674357801,28,0
33,787934.3718926427,628.4093558600498,988823.3782877595,14.243890701913696,34,0
50,480176.68452082993,719.9079228035084,1641192.418116725,10.5575460500851,22,1
64,629897.7270799158,619.3949453233517,1073460.767699508,10.74718879589755,7,0
62,344951.7733104659,763.0092986870152,1297500.545373765,20.186570440670287,24,0
30,684582.2919732365,675.5349477851057,827653.4347047438,8.640321672084648,11,0
33,725105.9266781092,614.3497536686048,952250.6513274458,12.651125801993926,20,0
24,499343.98438204353,628.5570642368369,563449.6493093511,8.498965408982517,32,0
35,716295.0302515768,573.1779338635278,1330199.3938356333,12.9638271806553,5,0
41,518301.36531660793,702.9874642692301,620817.5416290662,16.14306628679016,3,0
36,263527.2460710918,631.4526411326596,1428405.112945005,19.97582014280783,18,0
56,688281.2859297935,752.873174982107,950692.1126389622,12.643249757750452,1,0
25,763511.5374203674,727.3977791848741,1333073.2937095498,5.280591268575595,18,0
64,595467.0627191166,620.3314813906314,739807.5092389307,20.54216178752082,13,0
29,529138.6418611963,706.1161341011322,645329.8262901885,12.456005285885949,31,0
47,273333.24845056795,620.0127382219408,755359.6485647237,13.517702204373784,26,0
64,542636.2468781023,624.7086600167057,1352621.2824628162,11.728969696740519,8,0
44,583422.7814844671,657.9710617754131,493376.1845792444,12.289404320535155,7,0
34,961059.9253463633,751.4400722007352,897884.2168422446,13.541902469885462,18,0
60,533640.0420356753,765.2226473380658,1192507.1456609708,7.632853599381869,14,0
24,555089.5898893882,664.4331357273592,1081726.5630404446,16.91570747387884,11,0
50,415450.2016571759,614.2416228056902,830026.2559516956,9.37878997980803,22,0
33,410680.45796642173,777.4236720423801,784762.9857756704,9.591784944793307,19,0
33,684307.6418213003,651.4682592176897,1479610.8885483672,7.6950250520050085,11,0
36,463992.5177321732,686.0704364455981,459994.73922689597,18.473748375666332,7,0
50,438589.9651786792,588.3678107421597,1174000.1327400128,14.093742646228863,8,0
29,516763.9472623405,615.2723066753274,50000.0,9.417030607030703,5,0
59,798262.9906673388,748.8585894803871,881263.3496645362,11.024967416004634,29,0
27,202360.82115294418,561.0304853933274,791773.6144097459,15.514652566023404,22,0
42,616139.9417971799,662.6132321685843,833120.8414794627,14.019746086749972,0,0
48,636589.7892036948,649.1203315065451,1139090.708253832,8.280274233783858,23,0
28,224315.18502750958,480.58366864256334,682663.2290659982,13.040544115172723,34,0
38,417482.0499637173,750.3067976401051,771723.5403344393,9.817094050028345,5,0
63,652005.8035481744,639.8578027208601,1439213.877785095,13.945203502184835,33,0
26,901685.7267912914,703.2399261999855,1209437.3061218974,13.754173305183755,10,0
57,390493.1512913224,767.6100846356601,1175849.5524700691,15.682685107061284,31,0
62,778503.8957865655,701.0956102541353,830745.5975726073,8.48957790201146,30,0
62,196750.75651848066,598.7776493943442,1434347.3481119897,11.505698226843633,30,0
50,607419.4037952209,734.5288359153398,1831746.4801540205,13.587020667293423,29,0
47,365724.31197629846,748.9446441040134,838658.0965444064,21.120487951929046,26,0
21,364236.40124369564,737.7153153386217,663347.9513331332,9.207969322173767,28,0
43,540565.8981433198,636.6743031926991,888653.7776141186,21.19100873004833,33,0
55,636481.2754778605,689.4470868885816,1275154.4404493107,12.07015589374022,25,0
33,553312.022983922,604.1761400680123,829231.1204063175,21.454747388992267,2,0
27,286839.47024927574,675.1955960735463,335130.278707625,20.74157554358199,26,0
61,588924.3123824836,629.6222305774351,976184.2170577402,8.327655277837469,6,0
55,727404.4625793359,597.4719084015034,846252.2804567645,16.414741587957945,29,0
63,284410.33039920224,764.9442773038039,1198255.8201894725,12.991085930504958,29,0
50,523321.45631340024,657.3299418811528,1030467.4041543833,14.173878186183947,7,0
59,754561.7088565113,778.0734640122567,468212.2249813069,13.632249943974447,11,0
63,799186.3633558509,661.2499226770882,1049434.27510618,15.433693448732273,9,0
38,542041.7372556131,645.5173282044018,507063.4316851148,7.694862283111715,21,0
26,186000.54877682478,657.4098067698158,545094.679518691,13.703962258923449,11,0
36,473816.5279998509,701.5257778944186,1104695.7805203905,14.067627127642613,28,0
33,419971.71722047176,700.2716630911261,1183111.462800073,18.787715952773546,7,0
62,698725.4324763971,736.0297708788244,303256.3094109241,10.341366073756893,15,0
61,470079.60645154247,729.8307038653069,1110640.8168309296,6.294837656628926,1,0
49,433177.1109492002,747.9179582259109,716607.648812296,15.77169845924885,24,0
58,426683.3128992547,690.4171889670275,628670.3668222108,11.174224620365225,26,0
30,603278.8111925196,653.635501257178,1093375.2502989739,14.081346245414748,26,0
44,271149.97569167474,711.2348453680145,1436453.2048016372,20.44806899772565,33,0
42,498655.9090439864,662.2427293604496,1557595.4085543393,8.182151823699762,21,0
25,349279.0940316294,694.4725222040026,1419283.9429938607,9.6187591794735,27,0
48,575347.15806113,630.6408202317273,481432.76223462477,14.15078494662599,0,0
33,352077.6085372642,660.2221467327204,330814.8318600941,7.645577862514074,18,0
62,304312.0989730974,613.7995766369252,180701.75424677238,13.497882662420142,14,0
32,820734.5461423944,825.1724465108414,1366666.7936265117,9.794176788449738,3,0
27,661193.5669156122,820.5701800698728,232448.52930208505,9.724248098759364,14,0
54,579968.5126089732,709.9233862075772,795129.7109339755,15.554618275111451,11,0
42,474258.9690535778,648.5376499750704,753781.6756187156,11.401551945600705,17,0
42,645753.3825520509,592.9115882761791,702036.995486988,11.26686689071486,20,0
51,652865.4724575275,658.7125136350327,1127222.363435272,14.522886119027067,10,0
64,779167.798468997,611.335216856796,413033.3030380418,8.697804619237417,3,0
49,506406.8310260277,678.7403419915795,1137652.059634313,15.946710838255367,16,0
33,309503.91469564795,611.0166924122648,1122125.4115616654,16.206845037372954,7,0
33,586140.0092313616,700.5942747837372,809310.682460216,17.555342130385615,20,0
57,674786.4162709238,608.5232173176452,489376.289697441,8.649221691006883,31,0
28,261685.3865788427,628.8631332373079,736090.2613226741,13.35045751780531,4,0
42,797971.574721552,553.6966259911934,952810.1423970839,13.185835934550289,22,0
62,593062.9581034718,755.5395384083026,357495.3417469226,18.701473335937287,9,0
59,383791.4341563171,546.1554488557499,50000.0,18.06826484001928,20,0
36,674476.0443807484,556.7050583664701,948789.8340585588,14.202808326720708,14,0
64,794221.8818786476,582.9667286362258,954682.8830763455,8.715856292931672,13,0
39,459878.3520704982,710.9238586654233,407634.33887564717,8.482077334916639,3,0
49,277448.36541119334,600.9880368228771,846090.3570715147,11.806577216855779,3,0
37,508486.440201612,619.1566019457537,1071766.0760019477,10.145691499624604,12,0
26,535111.5583665216,691.1372162242569,527275.4976240667,14.847567090229173,17,0
56,677790.5919344672,609.5863117975526,1159410.2479562317,17.66574284828527,4,0
34,570716.6093036252,646.9597054185326,1061584.116087992,9.38314194108478,3,0
53,198033.9083986734,681.7279727551037,1436201.4621445166,9.223889812657244,16,0
44,358071.011491134,693.2315584771238,578480.0438014766,16.874897108643708,7,0
52,383593.92170141987,691.2872983160427,1540756.643968051,14.683131478378936,23,1
54,748717.5151334135,689.1001824530192,389045.5676611281,11.327919346618417,14,0
61,658724.8446391725,669.1876583034973,500415.66019376385,13.47665606038791,28,0
48,343292.1835539348,803.383218805193,812643.39062586,5.811755770029936,18,0
35,494419.2713337847,551.7353163681983,1042098.4016855899,11.237264436659085,12,0
62,150000.0,732.0132028690848,812735.545421322,12.297019747393682,0,0
63,441358.53767881304,638.502539512562,924231.0936499696,9.870746733301202,1,0
53,273972.2615384531,671.6202422173275,967977.5724001888,23.968406064086217,7,0
55,481780.7490611404,842.1831913688789,1584350.3174315402,23.87296753705826,10,0
52,425128.7521829176,761.8675790770768,582908.9463316866,9.175587335007009,16,0
59,663056.0155428984,642.7324640573362,209819.14968756156,9.683452906054354,1,0
39,396509.28823196865,681.773018669945,940993.4832802914,23.19726275405013,21,0
30,692480.4041725018,631.9562587638079,1647167.7697707398,18.291800587367668,8,0
30,604262.0789674587,671.3010979052304,790122.4093337583,25.696477071474003,26,0
34,329940.4917524818,638.815740902571,1146833.3188232707,13.879939467322153,5,0
42,519797.96578834474,674.1354708843224,753990.1599027673,11.487328577305421,13,0
64,601515.578364594,609.711286571704,1166339.5923946442,13.065480041732851,25,0
22,245062.99399984826,622.371492621306,1028290.7464037762,18.777905423216193,4,0
52,601772.6324104973,663.8349290483484,827933.1752035198,11.22093654955513,7,0
35,508845.37828225776,654.0829353446305,1124366.1366141227,14.098487401635856,33,0
37,852244.1369326352,723.0737735887642,1186394.6090334472,17.564284853422436,11,0
46,824165.5159781685,613.7936340627288,545370.9914219659,8.88859063423589,30,0
54,337460.7874578204,682.6503002997432,657893.8754467405,14.187734140999005,17,0
42,294526.44139372755,617.7500597362583,1392946.8774643312,6.535003147049282,8,0
40,576859.1080591035,665.7146643061573,494408.56440193026,13.107018606457235,17,0
39,646624.6554884695,624.3239645284464,936548.8363737012,11.374885360488499,13,0
21,532264.8886290836,657.3215561347297,464971.77290143847,17.59877807648107,13,0
34,560291.1257094813,818.2672492851905,1359529.160530883,18.34653195730764,4,0
31,805935.3833991461,594.5711714421361,667686.5997204897,15.597180335157963,34,0
48,387954.91522079986,705.2027988248394,559412.4239230728,15.886505146018589,6,0
49,622707.5043080345,629.3286889399005,1039840.9368437378,12.584092927749223,10,0
29,712112.0743509672,678.075835927676,1237499.2404533166,5.981244572723755,8,0
54,514357.09495370346,624.2747331332301,690611.9121208945,13.877230644005056,17,0
57,632525.1360691517,696.6854415933637,910122.9492714942,14.645610001353113,10,0
46,704344.8566293234,742.5034526795274,1253630.8316056707,16.489810695067302,29,0
63,413438.75336027215,704.5876765651473,729446.117603432,15.99444063834441,10,0
49,507692.8322842977,671.9762718048569,1092792.712751203,17.780938986715924,30,0
28,735247.5737576238,743.7462802393103,1505787.9593831375,15.554447304782267,28,0
36,392178.9111753667,636.4661881242577,503282.56960536266,12.879644402551593,12,0
21,788639.0813295887,596.9206207679946,910269.771648507,18.11664848040084,17,0
39,488246.7216611008,641.8913013550033,735952.4339449443,8.879143372220497,8,0
60,654423.923980611,659.7464393635319,766088.2262552837,7.798888587811507,22,0
21,458330.4960738331,661.7955935874326,1062917.4469233057,9.645351185585238,31,0
30,627227.1372879614,627.280257527635,480194.36724492116,12.430223821579391,24,0
55,675160.8536850689,696.9059288111702,1161994.6919905199,12.340621538012751,32,0
64,437360.6808913407,620.6123097146741,491575.97502698936,13.097684431775448,6,0
26,429687.41789207095,809.9766715126912,445521.14214484853,12.95704952052425,26,0
42,539038.4380371738,695.0108588165873,965960.168581554,12.200755200402408,19,0
37,858907.8840250948,580.1697679632257,787428.4576838093,8.252262833152027,29,0
62,407127.27903849684,658.0174732843255,1135134.2281572744,11.695123754586247,31,0
32,721977.7260870114,535.2035270744459,652967.5495805065,7.731405696338779,7,0
63,686142.20054652,717.2553226252508,634888.7041756224,13.876609204831963,10,0
53,496629.0436788069,609.3630257227671,1001273.9600636734,6.388060501517777,24,1
61,603231.4550250473,574.986195059229,683879.738491203,12.980958785188202,27,0
57,814743.9302506552,657.1242058266461,1050441.4523784947,11.786875865759116,6,0
26,389345.2917184624,578.6974673100141,689651.4719535159,18.96026678948702,19,0
49,313408.0676631279,689.9960041561549,978815.7210301713,11.319822513269054,17,0
64,576786.4618736428,634.33657523268,391937.0578105782,10.969546822119128,15,0
50,484064.1864416891,724.102708824544,1634869.8968095197,16.663014442538802,17,0
63,856788.272186724,701.7507218655295,1480415.844902305,13.825074397772475,16,0
52,776729.5915094228,619.603378423926,956378.4686502685,18.487471394857142,3,0
28,150000.0,693.8695705916803,1347700.8383581967,15.055985943137616,23,0
49,642556.2342809731,708.7619192013974,815546.7706807073,15.159793150367543,6,0
35,446480.96923449065,757.1043133657564,1427436.9950820957,14.773089113194459,31,0
34,702524.9038757281,588.2748087038718,997873.5474018281,9.104034482972587,26,0
40,379218.835670811,746.6511132850237,901006.6191639231,11.428292599840333,2,0
62,504907.4879770265,738.2328369881009,626494.6770497437,12.69384328715848,12,0
34,660514.4968580506,679.35011993287,723106.0103345953,10.111395823840569,2,0
45,550697.2842520683,830.0743470875334,1426843.1573530894,10.338803861733203,7,0
24,701565.3579915129,665.6768461480929,1185111.1465902114,5.0,1,0
28,427998.40048434265,666.6514505012532,1085411.1509057719,15.998941216506012,1,0
63,356488.50474319805,601.1270599870346,715257.7409825558,15.028109664364639,28,0
53,556533.1905610908,696.6414867703047,1097125.5812650505,10.727735722733525,1,0
54,609169.0341039797,720.1958298924703,959609.6187369386,15.01544025148472,8,0
32,593156.5025600601,644.8520190903116,1195200.6160180871,10.2104547951667,6,0
48,568037.7581223219,593.6822876592056,1082883.0023228577,9.626088074650088,17,0
25,250009.25227584125,777.8291392373379,702132.8041708153,15.184059266880894,26,0
59,515773.354430629,630.8692506463925,615883.9516425552,17.31579913150044,30,0
52,537028.42989683,761.3384307000723,482513.7415227331,17.463737808885284,33,0
51,813630.3851505626,692.7148335572191,960397.9496808649,13.884192065239809,9,0
35,887490.6460497042,705.5484867420759,50000.0,13.332647161080995,19,0
64,652447.3567638928,673.5018128525646,1004841.872825212,12.626396029731739,21,0
33,294316.2778993652,561.1400288958329,801875.1435460777,15.986643777849956,26,0
37,704990.7393151119,663.2185984162578,704168.4820381186,10.184819836988302,4,0
47,467501.72702158074,706.867546752419,1221095.1026624343,11.642189954773933,28,0
53,642427.6680247003,709.8331036179138,1013211.947672906,17.63411686169737,27,0
64,437599.07237779745,631.1810330172024,739222.8318653172,7.646934642871296,14,0
54,785757.8498263274,795.2227884047055,636950.2415293279,12.037882017557108,11,0
29,662172.9924456337,690.1232687418867,667594.2908428696,13.911832898160652,1,0
51,477554.7802118508,662.0024240632418,972442.1142545318,8.114616855821097,2,0
54,827606.5623407383,612.4503495561056,676497.809334595,13.285797516814663,11,0
36,182543.33033738617,572.1595366584335,894092.4966059799,12.089742452742916,20,0
43,385606.8561705294,626.3199470174911,853991.199390345,17.86084218390365,34,0
55,304032.2689038764,680.7486694649307,957418.055316138,12.180911651572968,11,0
33,587035.7816564897,660.7442069205084,1242467.688794854,14.283700281732203,5,0
25,549477.8155814054,695.3177777584692,645145.9951795421,14.139827682620425,22,0
41,203393.5981496253,766.4640722887,789126.657381599,12.35937451386173,28,0
64,505863.9915890888,718.8573543298548,90870.33346289163,12.595574734507693,7,0
39,643096.513746017,587.386556980227,898383.9884065663,15.962043451665128,20,0
42,720149.5629813308,760.8427835664702,1067881.132120335,18.588775178855776,30,0
43,190589.28819906007,737.0922254907455,1399685.7746406696,11.39678228425392,0,0
39,299857.6641911306,656.0629322791431,836259.9847003119,11.437479853711826,29,0
26,807193.9245487889,637.9832888619575,1516230.8278933712,9.937162396551013,32,0
60,510560.28782536637,582.9468359561881,1190871.9054075675,11.38342662520416,0,0
26,472271.3965854767,659.5625226724729,923534.3576892307,9.603616634552264,34,0
26,740300.8451396195,679.9746586773584,1211861.9004188387,13.261447503845076,25,0
27,691810.3989417767,635.5619456278575,1195889.2775766796,13.154368107884146,9,0
52,275325.12951709144,663.0146176636367,842246.3158023538,10.995544458186751,16,0
50,555308.0017072977,654.5849211949471,1099628.7295054616,11.106006355032696,34,0
37,472158.23698630324,664.8542135745124,1082246.173620948,20.898232187064004,28,0
63,640408.2756395661,640.0590840122978,1137218.109960223,15.203328530328172,26,0
25,439034.2981258241,668.0110545736622,1384501.8579789544,13.915345519896588,32,0
59,632211.0308973349,775.5294498001496,679064.2534867879,19.095408127331414,32,0
34,150000.0,746.186112129003,204623.17241833487,8.59115191993314,32,0
23,559651.9528203065,674.4957108155384,475931.39542268973,12.588506909282698,18,0
33,884293.274457459,603.58480599697,1176955.575363812,17.70544371926271,21,0
45,701416.092487714,598.2797494160089,445724.2784061397,14.906576059014114,13,0
48,876704.8844815877,631.4921720490723,830821.2572608674,15.201600257485413,21,0
37,646572.4708097153,695.4824721068587,1364003.5544309062,13.335942561776259,0,0
26,520506.42862952297,657.5814397323361,857374.5254245294,13.478467179784385,18,0
61,403184.7561784504,615.6907576755647,1045245.7451625621,19.206817373733408,23,0
50,481380.6355912221,575.3449547464027,659284.9483923374,20.498136743086278,2,0
30,832146.7654339153,619.1824389610729,1132953.8889790236,11.747640138216108,3,0
60,556236.5911666318,701.6110564909136,1567757.5281600687,11.971630760095383,33,0
35,636372.1261539678,649.5430008740408,836431.1289655839,8.524926978983661,32,0
27,670732.1649159124,569.3108420796173,1142862.7545457294,12.282074377654556,9,0
23,491787.8644955918,622.420005558885,719886.485493404,9.901833452127535,29,0
58,790334.8295301045,700.1528665929208,853056.8260547509,13.038514039667689,30,0
43,150000.0,695.0101716073564,997981.0546418687,16.494875125152873,8,0
30,722704.5691513807,661.4020038742269,770572.9456600961,11.304449631408357,14,0
56,618582.6017152363,607.9524048461255,898439.3848280464,13.956668307590151,23,1
36,616394.8024506478,707.9649012194149,1469061.052553564,10.558547040381569,34,0
41,498390.2268325316,622.9747065891981,341401.1319827349,15.58502364300952,14,0
53,206621.6072721327,641.9075959375874,908415.9134661054,14.77606215689684,10,0
56,739568.0443592438,590.8175804638668,439927.30901029625,10.312164824047748,20,0
42,561932.7218779029,718.4919675146305,763164.5660085375,8.221015492573837,10,0
27,666984.38822766,715.0664272180165,1351886.3897480518,13.998352991772446,12,0
41,570793.3133118107,674.5223434342613,996672.0570776553,6.665252949348522,27,0
21,543258.8142471605,700.4510801343347,1008018.5702872031,13.195308053883581,22,0
41,1018949.858459121,576.6999271647162,489991.46159803425,14.939138320082794,1,0
54,477800.77474182146,699.8938286288237,821544.4113070469,5.0,24,0
42,515936.2862060996,567.7974598374781,847301.0886320855,12.68233306872598,1,0
23,493662.9150525166,648.0040275898349,868231.0245334188,14.279040711418862,10,0
32,514321.0914050824,644.6865094104712,1019791.1441339435,14.756794965709016,7,1
32,519885.233676902,627.3533570729609,1281099.6857947025,9.38344246158883,7,0
57,491838.7409684164,735.6647986018735,642782.6467487139,14.277348301660682,8,0
29,382427.579718278,830.3486194131696,711428.2446356557,14.375687405131908,13,0
64,610770.8186131616,542.7317576993105,1177799.2919014008,14.73141859777414,24,0
28,467483.0807607959,689.9811320163091,898023.7844397179,11.940228581504943,1,1
28,380870.23079020635,732.2180465029182,1083396.0503370538,16.186966799602786,12,0
42,507089.24383287,659.3518203427004,625356.5258515801,16.8726179532757,3,0
40,758807.0934244324,709.2331432637325,1095059.8068862057,20.615522665146088,7,0
60,659662.2781189047,592.8637752268107,374636.449568306,13.808757313483113,34,0
43,775053.8245797206,626.3661040555079,1617665.611664796,13.951562031216561,1,0
56,683059.9427559316,737.7714272836316,310324.7163028915,12.537274377748234,23,0
38,609686.1417843823,739.5046104866154,899196.59863738,18.577247517258147,12,0
54,659008.3674123238,665.5310144460788,1023487.5291890379,10.992149530259464,28,0
29,244027.19544187485,732.9456706555447,1365539.403509817,13.105945424961822,29,0
36,738839.5197187332,726.5525613850544,744701.560906356,17.055884841959397,2,0
31,593857.4171804127,710.8378577684759,1032786.223428495,14.619175854414143,26,0
39,782221.0809874836,776.3851584939055,1518091.4390768334,13.894984478612233,10,0
48,429346.77731526305,707.0963058209933,800677.965411354,13.560254844227961,18,0
38,481820.99047711527,590.1280448475551,927810.4857390316,14.000196409383772,17,0
47,727043.2197775055,753.8665046422299,1038264.5102251087,14.064617714834469,22,0
60,404648.71752774063,593.2870273237718,1200000.7770060755,17.395276503000392,30,0
21,274269.85751566093,695.0573084334346,1012038.5898395118,15.68488098484361,6,0
29,348560.04051215015,611.4594694285413,630030.9538317684,8.260992928274076,21,0
34,642970.7498509393,633.3810928471506,885715.6524395357,9.226836117574187,33,0
45,877118.9064215135,731.5157994851353,1331593.6111259093,16.840222237164383,11,0
33,628243.866373099,605.3627921972252,180860.57440048363,18.510820539444897,29,0
55,545514.9325709477,653.490498053331,619655.439903477,13.459800623233669,10,0
24,462250.6952926345,643.5552225444402,726535.0413389364,10.579990177387923,12,0
53,276199.42155440844,592.3687984676274,1042061.7909659655,18.05634703603447,25,0
47,412699.3118914184,672.8843201635226,1741427.0066526162,15.707717551338717,22,0
38,727383.5628984392,557.8932832744854,1495962.340353548,14.439546917718287,25,0
32,570751.7670587901,643.2880024269318,1775517.5390621475,8.536211444560733,31,0
22,710274.1716293888,571.0851497309795,745418.7633615059,9.518705048153812,10,0
58,652896.0763307058,670.2085803306526,1032957.7708306129,7.487989212395197,28,0
58,315922.04623139056,640.6157976988939,1535823.5554558914,12.327988574164594,4,0
30,766295.1130996781,721.500326133087,627133.2307162755,15.014943720536731,7,0
48,721575.0325422499,683.0484533320544,726617.0843487636,10.387585287883738,0,0
40,276488.46554134635,644.9515444138266,248011.2574428151,6.689520149656664,19,0
64,202069.8745456044,682.8190226346488,1548307.8235814637,11.451116298015398,3,0
41,538797.7511180833,747.9212287486866,598716.7315037975,11.339467954095669,3,0
23,485292.88077434665,629.3396073861408,454911.88207473897,9.279824163834911,6,0
29,534979.1551192526,661.5909220870295,923878.5100098872,14.86390398654368,27,0
41,537232.5040762726,674.109677604372,701547.8810152175,17.843867691133003,23,0
31,616661.761083894,669.7449613476879,774223.8114697614,15.026849144666476,33,0
53,399555.99205577944,641.089529913691,987458.6546543243,15.190641297649425,5,1
23,215972.69708414632,603.8148236896623,864696.3351471421,9.280424223060978,34,0
43,866208.3388710953,660.4259704873145,1571338.9008006977,15.55453879931166,11,0
24,442219.62606011436,620.6337884765022,1047835.8251739155,12.610096073242905,14,0
62,676592.7195649607,592.8343079827127,364613.4262691154,12.75315893127194,31,0
49,562233.5304009864,628.6033499445517,1209313.7500092397,7.813265216755018,31,0
36,287694.47790708713,719.4037728231164,916616.7146633833,14.063910546978294,4,0
59,607512.3788769146,696.6559559464508,885995.9188906155,10.034866145305038,29,0
30,430354.81584122474,693.9519055450293,1085831.3493517512,17.473404080489754,20,1
62,707558.6974021145,706.6128145503396,1301196.6090404515,11.15348991882216,28,0
62,520295.70994843147,643.7285922218681,270646.3251043861,7.1568279666648635,18,0
57,606043.7773370248,657.9526157011131,925096.0018643755,10.966804652155767,7,0
61,753975.9339007455,627.024473716895,549727.6150220693,10.781299723907322,18,0
33,321452.3459964582,652.3369481120384,799451.0597675963,10.575141912544506,31,0
55,700827.6393690975,629.993712818959,721095.7434841308,12.761048495355842,24,0
57,511886.8451232243,727.4457332202459,1173117.1406656534,13.064672940763213,32,0
43,529349.2380601264,622.3265856176064,1160747.4238969549,12.646448096530339,15,0
26,497986.6331596785,640.7537795697336,1090044.2776586048,14.826148033652897,29,0
36,649074.0821528408,728.5141276759481,890618.3659906945,12.465017448222161,29,0
24,572094.6180425569,684.6496295572352,739407.7063049146,7.172215139353673,11,0
58,806151.8172942597,664.9301226230607,601347.3783612596,15.701332171002878,11,0
43,570226.7673872601,664.0551813707611,461032.5544727117,13.675449634446334,29,0
35,493235.2885364716,595.3324873558299,1649721.9288402018,11.768071680087413,9,0
57,739904.9697064299,774.0511149785267,658994.0719951408,6.805115421359701,19,0
40,742608.3188096185,730.586009916413,986883.9973959016,10.308644384986941,5,0
58,743081.5373981234,642.3329229385556,626105.0837399545,8.049469807773544,8,0
44,762333.8851222373,617.5886741737106,1078093.123474548,12.587198982862226,28,0
26,442459.29220435786,696.2922560218271,622542.1310199935,7.926761570509135,11,0
45,790008.2020846724,634.0097816035245,701140.1618324823,17.91551413990068,23,0
32,545996.100060488,717.7848311106794,879573.5455079204,13.54834360159998,22,0
47,656512.8821997835,703.7867380674072,977052.716477853,15.191514932402729,28,0
55,467274.29116316035,650.1745048677273,644148.1714331381,10.945934201909337,20,0
37,242177.3756995494,667.0901453395563,506269.2883530827,5.0,18,0
62,723583.3112269561,765.5698508816774,350444.67924154375,20.49061518574128,3,0
40,665127.4752248954,618.566646997595,891244.8714489371,17.962576443834735,1,0
55,540450.4918680427,675.1412961570769,1173392.710913776,11.562331403691894,3,0
31,546232.4384649118,715.7426102585347,1180299.39458979,14.610767107096738,14,0
25,877312.5560506922,666.5933480472657,1166771.778180296,19.197110210495467,3,0
24,827728.5571720293,665.3800732892463,984813.5337403197,16.38070622826542,22,0
25,383491.95984414546,691.1598716762386,632449.1416852775,9.462956040966821,10,0
61,709924.2404100425,654.6596431731864,1075067.421002221,11.678566131963903,26,0
28,646431.7437574418,737.88458177731,839959.759921347,18.144213016385276,34,0
63,662903.1778232094,652.14353898518,297728.39257509063,20.03844596912498,6,0
23,622300.2715056783,606.6831454231834,594344.5837581503,15.262828455469068,17,0
60,652134.3345909122,832.2223648542828,338341.44215472415,13.683438277927504,9,0
31,658165.9476894542,631.4486685868393,1422898.894236457,16.70088794802872,19,0
29,896001.7584948462,708.276916243719,853099.1919385489,15.61853187479892,33,0
50,479211.1086260151,695.8508658941414,1330188.5506166315,20.673798373091007,23,0
25,642336.0090005088,655.6505185120715,955785.5280789103,12.921557011495594,32,0
21,747994.6238185378,572.8967873333728,812240.4561180035,12.798257826668765,33,0
44,661845.5800493872,754.55635802242,880936.0799686089,11.444478921726276,2,0
41,467771.43820394704,750.9335713145978,1601672.8177610696,18.920407875939226,8,1
50,610993.5498708911,711.949428582291,998606.9953273716,11.221903805754287,19,0
52,630709.7256221268,673.0203901694746,1032776.9369120332,14.716663427767656,3,0
63,515284.5670788186,781.0746402980155,834252.468483298,12.118090145904059,17,0
43,450305.65583895636,590.1364364968688,725359.6515469232,17.127221653942307,26,0
51,629270.2889297438,707.620969773165,1043711.5521006978,16.619939128814778,23,0
21,797482.023126506,731.824524160285,361456.0218584589,13.096534941114198,11,0
55,536686.5175868655,667.0994408934914,1068568.9490986308,15.9904980681879,11,0
41,561448.8457156037,618.5459775975186,732020.0513946125,11.743300129504105,22,0
36,755948.7187495994,616.995013739872,1315386.9387891504,13.012106873016068,2,0
41,516955.2983094839,597.434646295949,399325.2404961843,18.818010134577406,21,0
38,503072.82597369596,606.1992625387795,1061958.7577216355,15.488745292558317,8,0
31,578341.6585012565,656.8268390690308,558783.7585339998,8.263064762657585,22,0
21,487809.5263947409,562.1919944688334,759112.0192222758,12.084696711914301,33,0
21,458677.73274438275,718.2621428245415,971134.5559662383,10.383335007385936,15,0
55,873769.142479127,615.6938326754218,525803.2909672237,14.750384169912842,1,0
56,630648.928717193,714.1993349397608,403071.26570876525,9.644961124590374,18,0
49,328485.61424249655,690.64157159786,966074.7250436544,10.806967961689068,10,0
62,360895.5986890348,558.6006774716025,834208.9655653322,17.034350650095547,33,0
56,564052.105899458,628.8324906206747,129266.70639761956,6.877390530063738,11,0
42,591725.1349341244,595.6746645372896,414043.8584733695,17.739068637698608,27,0
59,689327.7742309034,696.9659648829526,1110468.7617890176,11.841420552851083,21,0
45,262548.3292590451,743.5311916045505,605502.3142247389,15.101679771938688,16,0
43,794553.670430686,530.7657650741958,1166540.9826565483,14.789426312294273,13,0
44,426693.8981476886,684.2391623899617,1404162.9005651285,8.216163311965833,25,0
49,580562.9829540203,652.2107214786599,451424.1052917695,15.740300870241086,11,0
32,722133.885428488,779.7448230701542,528620.8039560731,9.869185384759987,18,0
32,293442.9037404092,527.1374229704201,1355623.0963214873,13.75300397879846,4,0
43,665674.6534755102,710.292742026658,1061532.8855721522,5.0,1,0
49,988779.3562933526,688.0983332626421,1485511.0753557456,17.469286490539606,9,0
57,523865.2032150727,652.7193179724991,1101112.8280673013,13.45120680565404,14,0
23,484520.04605474643,649.6740182038587,1146172.699928952,12.240793637455516,28,0
50,465018.5266339916,771.220107952013,703154.8536387263,16.09406251215022,25,0
60,644074.7948978863,638.1123461108119,1168709.8288030517,15.036749816997117,16,0
62,416965.00536228047,692.178131428122,588676.1880414763,18.511169665059025,3,0
63,397479.39873676805,622.6251118425959,286371.535184097,13.210939057178509,29,0
29,586753.6474391485,763.9109504650784,648109.9974200556,13.338928766004619,4,0
59,860785.8046929424,587.9984169717268,726129.4293248518,15.912347431738324,12,0
47,608501.8210561321,592.2608294499407,285364.005488585,15.9369872973286,24,0
38,443568.95673652,695.963927585634,669939.6640461744,13.682106007316715,3,0
37,316284.86358650366,666.7339561067686,442231.5542005968,16.95182788181553,19,0
28,633481.5347931593,669.7013090108245,927826.7961178572,9.128325718833024,18,0
25,708625.3394424433,656.0666490485027,1184078.7073450917,16.886176584180774,3,0
24,391347.90113420377,758.3717066459799,264948.0723804629,17.967904547064744,17,0
44,399462.7986919433,626.4755187202218,915713.3393788771,8.208322064193368,33,0
49,604633.8813942187,578.9589845900822,576281.9970387111,16.089912315605,14,0
57,743885.9827847028,601.5745427911093,646397.2866068528,14.012678461947472,26,0
52,572126.9151069697,651.5039808538838,1078614.462723413,16.30015647706209,22,0
61,439577.577159635,756.3468142525212,1237191.3969266813,8.839605244046087,0,0
42,283380.2649535194,604.6222403163135,907593.5620164555,10.661986624541335,14,0
21,893990.4720422048,681.0878685712701,736226.3805892328,7.243944878474457,4,0
49,707437.0144999586,671.338933039419,1530410.2260845532,13.601857189594693,21,0
28,382746.3482532919,712.0976152484599,1054176.2219473002,13.953849295327881,5,0
64,763091.0287942345,701.8851540363983,394999.83556980937,14.824464577639322,2,0
47,714839.6813945837,674.0743873161755,950396.2363677596,21.541015228059166,12,0
26,492923.3603445964,599.4556658914673,1388688.9444306158,8.882499624239895,13,0
33,518905.2921445134,621.9785726628947,928518.5433881184,9.9587804281058,2,0
22,702869.415810983,622.99284388331,1038941.7746297668,12.887914760136633,6,0
42,874324.3843658031,715.0729305624465,1117830.6707348777,20.508678111567587,21,0
46,659272.841739577,558.9168234477199,390918.9448658966,8.006848778265077,13,0
46,685913.9235042521,564.1904502196328,1514164.942885317,15.67056138519472,8,0
42,867440.4564753626,581.2038053995173,872938.4030491614,13.039477332223228,5,0
59,340575.5644293382,717.3474074968451,351056.0307433796,15.25848421434806,9,0
64,600025.4764115314,661.2235550558745,1347806.5747756185,5.0,19,1
58,568073.3230089115,705.2041258396497,818885.3036478191,16.510739357891467,7,0
46,765516.9216902643,721.580511139411,1027900.7883814627,11.857726833551432,24,0
25,343300.1227419813,632.8599991394234,50000.0,12.781402549756574,10,0
50,617611.5144934417,637.2556343667221,1045028.8944856537,16.44135495500432,20,1
43,312382.54402406816,515.8219269957367,1243124.6517224745,12.040779131895533,17,0
53,666361.5962748941,739.1746943436398,1261493.5553151714,7.678210147585437,10,0
43,499098.563257343,621.2251989064166,213395.64290091384,10.994988550678872,12,0
55,483818.6663083384,732.4516740557278,702366.4598757583,17.717457851979177,18,0
31,728963.9273702551,579.3516629097784,989972.6966191201,13.396390726754039,7,0
34,502178.1911746116,748.5751934532129,871785.6253497332,8.612334999603075,5,0
56,553468.2539652502,711.5645467220527,547116.6413433934,26.0770657790748,3,0
54,519421.17019168887,627.9909915207205,1523973.416377387,7.123874304962953,13,1
59,531435.8330585927,680.1899016809708,647833.9860008502,14.704858429277959,0,0
60,478446.86699430563,558.1387925251747,1256345.5142195416,11.960732917073724,25,0
37,397656.163837121,715.393253562424,977818.2594793217,15.90294547008551,16,0
25,458448.1395749158,593.869122760896,1003217.4621256671,9.003995318886616,27,0
44,168460.18473510526,663.7813371107028,744001.2535613449,13.524869855324226,0,0
21,500152.49132216466,810.3517778196665,1646585.9546135352,10.881088246105028,28,0
39,672516.0086802266,632.6089860513806,577246.624427289,12.484776132876418,4,0
30,288772.54634493694,683.3797131886246,532095.5304929458,17.561931514797262,28,0
27,601934.3639999187,632.8084560186875,1219232.4696729048,15.653880461454513,13,0
38,449098.53627424885,729.7890004481411,2128893.6022886117,12.30444235845382,12,0
23,411247.3308747162,726.0181561901339,1395066.6132308894,7.329439093524566,32,0
35,384669.23298702657,745.7437693587592,820417.8502442362,11.857136015548136,31,0
23,150000.0,633.9509167969169,715746.2339860382,11.02949985392437,20,0
52,717195.497802708,803.2400869525239,777437.7045712337,5.0,17,0
29,301668.2032963623,586.6430140413561,1043482.949983435,14.745425040862498,18,0
34,383831.18196969654,667.4079691500148,506981.7466502159,14.689499942193988,24,0
49,694795.6312444406,709.7652717740732,843682.8498903463,11.843376777696045,9,0
62,629227.5304396098,650.1174046963972,1083547.523073647,7.480826875373968,15,0
47,467659.5044042351,686.5187254948696,884915.9890690644,11.496024453989486,9,0
60,489935.98341579386,665.2624418935989,1227687.008227677,7.71812028513002,30,0
39,535051.9416757331,677.2182200610544,429307.9620824506,12.042016582373494,3,0
41,644771.3720025223,594.322220817937,658758.4957361384,15.215691819511274,10,0
44,150000.0,754.4405883783608,609159.8769604561,7.001670367255948,22,0
49,886628.4105264072,732.744100426171,1181825.4929292279,13.967085436813772,31,0
49,501851.18995826406,706.6982426129498,435344.2340004571,11.276535458221792,14,0
36,772183.0504275559,713.7421850303033,989122.756240305,9.484650917500936,21,0
54,575816.9850794135,708.1171333803429,1142656.0454850178,19.50143161130494,14,0
21,841632.0848527846,617.2394751000445,1124270.6042581948,11.86493354423454,34,0
22,553326.6725941146,779.8295875878806,839461.4307535593,18.51135538960292,16,0
45,400143.0030286986,690.1037795543484,780139.0348116222,11.559630481416056,0,0
60,568217.6437702687,744.8539059566381,1105701.1587111133,8.837349819533234,25,0
57,758187.7901647261,794.3649486560588,860296.619805696,16.565436964117104,6,0
63,491520.2449479869,689.1501027552026,779801.8951324833,9.980887034631667,1,0
43,536783.0841865343,653.2906781891642,347079.27309112565,12.051423321762,22,0
64,399894.02016067924,714.2174377787718,159691.74728657736,17.238305575819606,33,0
22,831337.1512610093,717.1236329238818,811997.6981310387,14.184776691503394,4,0
41,356162.35781452747,660.289100330598,777473.725192379,17.744159219474806,8,0
29,287058.6481887331,710.104430267277,1116085.3515431688,8.841772370081566,3,0
44,227940.02464048407,614.2426799514617,1317662.8202928146,11.77140713925508,22,0
48,388619.40720998694,519.3334951099506,1004630.2703493525,18.152060672192693,5,0
56,487878.9615534333,679.7777885333006,1041735.1837866105,10.194539482487764,19,0
35,222395.34983993444,538.9494383234753,1020504.6865202703,11.390660041127223,8,0
43,727429.2870317077,744.2379282446905,1503186.889471393,12.141783548286586,2,0
46,521470.5602403766,777.1920555274529,1136368.7112165538,15.01730335016633,9,0
46,838431.8786306176,703.4205781880862,1006664.4787644516,12.144375291814429,19,0
51,179123.92019238987,621.9822902389643,894644.064875458,21.23609668820554,16,1
63,562343.2122689041,740.3137530493875,1169713.6222315957,11.171115807700353,4,0
33,565885.610872553,647.7696825938472,498983.39534423494,16.66242591223697,11,0
44,699704.098504918,712.4227086086847,724342.8747359588,11.129989866980164,21,0
59,816050.5347336014,637.8782847973289,539336.1280246298,16.674992465046035,8,0
45,323484.15550469863,772.2427567884969,612406.9392629953,10.458552997177046,5,0
43,620180.0390659658,711.3817749355746,1489417.8772815652,6.029727163682434,25,0
48,590341.4398854418,631.7783053229134,1321330.9931526752,15.497957734756827,4,0
23,407490.25645051117,683.753273635279,1374313.963066903,17.69021100310013,9,0
39,471044.9445010337,661.1326714289718,1020438.1777081914,12.093957176977243,29,0
64,568510.4036162583,753.0305125943511,660232.5446112341,6.367744254639111,23,0
58,512413.9147667137,700.6987032361042,703545.2012436162,15.777897197825041,18,0
38,767483.9550280143,721.2374732424187,322126.32597741985,10.656521958344298,9,0
38,408838.00748785393,739.5004652461881,71887.16077819082,11.516235987906377,20,0
25,562723.1856175845,713.5912574905668,991204.8196017761,16.496284499810944,7,0
46,518311.5194496386,708.0084578287896,647719.8755618281,13.045711971807572,31,0
50,287119.7030750959,752.906567887828,723633.8183364621,15.481104387705491,32,0
32,1141032.7128678367,699.9256220336114,1370169.238480196,11.200770380572735,7,0
58,508178.59077034396,751.3770018015241,1133433.1521718681,12.598743428720768,10,0
52,418813.04128359555,694.1561389155067,1045581.3521985658,16.569096667298865,19,0
24,879235.6275334063,669.1288099134034,465400.3170795247,11.3261688436556,1,0
51,649871.9806833941,613.0149685279296,1023195.3443485714,14.385372677954088,31,0
34,736159.4337096487,669.1768271432244,584917.0446781493,13.707818324553628,29,0
26,605912.9410567138,662.1489864058698,561498.1204787788,15.726960836846873,22,0
60,598081.0090789321,642.7897425017255,417914.67250350193,13.208133137929673,7,0
21,470013.6412885218,802.30205617762,751911.5942294903,13.444830796514083,6,0
63,610988.8475278516,567.2850203137191,1602226.5379988109,19.533830498489053,0,0
36,825118.1734411501,675.2807780232075,256216.15758960787,14.207606663232232,27,0
57,587471.126456303,624.9017940576831,734571.2296397745,13.402261279638054,24,0
34,528592.6124882417,678.4799094641006,695633.659907263,6.248040184381905,25,0
53,546333.851799577,783.3126855876134,1226059.6081474447,10.010476392278804,10,0
53,380570.06461247103,713.683761032507,720941.6021388655,21.418494408228558,25,0
32,723555.6109459385,726.8312481058643,960339.2170529659,17.739253177449058,11,0
64,476321.1187085197,658.9499124705759,815403.6472986587,11.944137078941718,16,0
22,575420.3200190045,527.9318086527471,443669.9970119801,14.254340172369925,17,0
53,785592.425740235,595.8942024627092,829707.2508690644,10.083655311069197,28,0
60,294116.8769162097,594.8277193518629,579939.1083498369,9.44779178505074,7,0
27,482294.26543545874,541.4440575639335,990432.8310158602,8.691845559210343,8,0
24,411545.9767588301,687.1137447085949,1255629.9070904339,10.141571077625638,32,0
59,663210.487666983,680.6019289811563,629555.8354730539,9.215141199956769,0,0
51,774213.323754963,747.4952853319612,936474.7806984087,15.190317542510329,30,0
25,626261.8337570739,694.7515691788367,555269.7700104434,13.550294326112619,4,0
48,553183.3759992972,651.6513130124638,769225.0309348243,17.255657323406243,19,0
61,707508.7620325128,615.9806201256722,809048.3260435603,13.83951927107502,29,0
51,364980.1336230488,677.1071610715828,1221356.5458368217,13.55582801761827,5,0
47,589043.5052179544,645.7130711748896,1334184.0875164352,13.82819555978871,3,0
62,417173.54805187543,709.1345433682446,899596.0979431643,16.08395930670126,31,0
47,503908.09908255003,778.7913093712549,691226.1171411206,8.917767945409835,28,0
48,635480.5429548781,713.5310746321775,931299.6074218213,16.466559238000684,15,0
46,767548.3409719104,722.0509223090507,1263296.4481160636,12.95027671735893,14,0
23,764339.9116051394,728.6397141799512,1440549.2197086364,5.0,24,0
42,539790.3933989556,699.9278254840806,415933.1750924784,12.099202574730345,2,0
41,383589.2728707325,706.6840828909598,531451.7523071978,5.0,6,0
31,456456.6645387279,684.6399186085627,1318400.62218751,7.908475516399789,13,0
54,689879.5557409516,590.1881010078688,1091486.251175658,5.0,8,0
58,706754.3747868169,603.2222006745152,1590799.5803849166,7.741601739359955,18,0
39,793283.9482808183,668.857502745256,908398.7917304798,11.312329811851521,19,0
38,399263.8481630421,757.567584339365,671304.5835570077,9.130037074783212,12,0
38,632470.2336736606,648.8945840259993,873063.3935423217,15.935802747015217,14,0
55,699467.3761204323,542.9858021399613,1282657.5365074398,10.941935060122663,13,0
29,639312.5447485874,604.7144983479157,584771.9239453305,10.523191549712099,30,0
34,528039.6657875134,828.5790756034372,1191637.88675748,11.072146285865404,34,0
26,604775.4946278041,612.1636964823167,1323037.6872163708,13.15715629457818,31,0
43,609692.4737500023,703.8469297773316,1127504.1610993596,7.883904021552756,26,0
61,456205.3797028128,695.3812486615924,602702.9856216697,17.180780191165887,32,0
39,503841.92302642495,609.5234265055553,1322548.8072106966,16.980498298070657,13,0
22,365899.1355092892,616.0181267299429,788123.2324965348,7.91404694915839,14,0
53,190069.06826374278,718.0769005176949,976364.0127364931,11.143600368954107,32,0
28,729136.6933465395,645.7731580131647,946736.6201217198,14.411201079153518,32,0
25,404802.1227125044,652.9709961774854,1468421.864597416,7.451695421937073,0,0
50,508914.01621050306,713.1254569622309,685341.3939338443,5.0,6,0
33,867943.4547882022,679.957364020143,1057337.1027724494,16.340318084208327,10,0
57,241248.40193187335,744.8923595302443,1043305.9178588182,11.126343529877612,20,0
21,706797.0498110448,675.0134149660342,1037757.4449669335,11.752989121646756,20,0
58,485237.7943521679,702.7851651185721,624201.3811322553,11.161717863927604,16,0
23,438841.5388382859,677.2389436847392,466423.7833566178,17.252523833535797,8,0
42,597591.5192886003,723.6902407344164,970508.263940223,5.364891689637161,18,0
43,431732.8021752342,727.6022608843863,1436754.835769982,10.642421634185691,8,0
30,976722.5844273651,645.1138512794274,850116.4302128528,9.702010228795658,34,0
51,281388.92948295275,737.073503579187,1334317.5957393502,6.615269873148818,30,0
43,561217.9398624785,632.1970050992225,686697.5895898842,5.0,29,0
44,305386.6874466829,550.1933227099034,1067560.333376538,8.756190155989025,19,0
64,391259.5700331648,690.829175963082,1026312.4406676948,13.706298069972432,4,0
31,323240.8393942894,724.4114430485612,716057.6191053712,20.444478827542845,3,0
29,887845.6111809012,666.8137249364038,691031.6367498377,14.89834361802582,18,0
32,720382.1901072153,639.1385290032915,686776.2498656563,13.000040057256907,13,0
60,975768.6518393891,654.8840762100588,685797.2916943845,13.229425402645743,11,0
24,979703.5712947139,662.9070942097521,496986.73691246496,12.704009323604563,19,0
28,860069.1183481963,576.0236331455839,1346765.323719734,15.29450336904337,24,0
37,713470.9222020849,635.6807941030083,925617.9999011424,14.239457757993085,28,0
27,943048.8608776035,629.8251283330503,1089047.8033213022,15.165702591905593,29,0
28,282441.5474171232,648.7180379604655,424213.28670736385,10.908318358977521,8,0
34,456557.25748721394,727.2440230844393,984056.1611743747,12.358638408242296,30,0
37,258898.156644221,710.7207959279572,629597.0243245913,10.765187939436489,5,0
23,591732.8025902223,647.1971322656657,409616.85068150115,11.875893723056368,18,0
60,690883.5727270166,629.9108259406084,1140187.9021188836,18.59334834312196,10,0
25,608149.8816924656,619.8797919081045,953764.3416513288,10.494046091655996,9,0
23,657382.5199911698,582.8618628036988,274130.6128663693,21.323721269641013,4,0
50,662520.8942019022,600.4960430111146,669106.3286984584,20.882285798198694,22,0
58,608469.1592705916,638.8035982518129,578038.5279509665,15.26684082461799,1,0
34,303275.9834759028,620.5200881461242,425013.1383581665,15.126379961955408,17,0
45,553494.5061132204,677.7396415563702,257321.76402330038,16.09827770919042,28,0
21,417437.1314271851,592.5566709249006,405880.4766717721,16.451309329659058,23,0
42,482254.837200449,679.370683698511,747169.4489802414,7.010695548372124,18,0
56,886544.7703988289,786.0021538497973,1229102.0435932605,9.464760569833308,28,0
64,557982.7053758627,678.93253838001,1626692.2560728798,7.617567055613093,33,0
47,351670.570567616,627.543866490993,1218695.4147406602,13.322016157226376,29,0
50,575726.1309530089,619.2815814247697,749945.6666688477,15.215706758548581,14,0
36,501889.3475900637,703.4126307063618,584163.6779774663,13.921015621371074,15,0
25,770079.1606147437,699.3102870723637,621350.2075586907,18.07035255711037,32,0
42,596903.287770299,669.0317245775478,908050.3478326632,16.66639086397846,9,0
48,373267.2587064435,659.6655278979351,369724.4113215448,12.12949473804956,34,0
31,620792.7170848936,746.646883579246,50000.0,10.5039295091741,28,0
48,536719.7319219796,628.156051196072,1274498.6397786867,11.653398670142806,3,1
21,415123.2648407619,640.326308568561,1002248.8742802534,22.165149969013775,27,0
42,191436.2521074126,640.6429500874738,622456.4201207927,14.745322018685624,12,1
46,581909.3173864331,439.4109094458518,1545375.6622661343,12.24129124816006,4,0
24,422231.0557220824,659.3470041522671,735191.0554000479,16.020809285664008,5,0
26,671249.9642046547,593.5344221620161,729882.6484627933,8.521790322406089,34,0
21,824070.6765156449,750.1128040790936,1322296.6776326576,15.038576072251223,7,0
38,1164949.0873326068,654.7461491449889,235711.4221503964,12.877103419276773,12,0
31,565850.8750803653,741.2651796626308,1437150.1784154563,14.732961436555172,16,0
60,529142.0214318547,667.3690993892461,1050532.7444099814,15.170688243779605,18,0
44,378242.33378672996,620.7420636778274,62822.42454205954,5.0,14,0
60,663337.7330962641,684.8659560407306,767435.1246802233,10.941283431748857,31,0
23,228534.78106761322,680.2616168745633,558130.9790984886,15.153409835377847,18,0
40,433425.8744966715,628.2911465982919,1317296.147090347,13.426274763176751,22,0
43,582931.7322827871,736.5113745575562,874081.9767888059,5.711761549113079,30,0
33,635821.1401706823,749.6803738545451,1159728.5033117856,13.604327226585452,19,0
45,431758.1799699251,822.8216576978126,1189132.1912112844,15.194276925361304,18,0
23,731675.7194703962,643.48172968016,1103105.4513258678,16.54359708553311,6,0
28,471538.62635479216,745.5463897376042,493438.85524206865,14.436318800220127,32,0
49,715597.0739269569,730.5364510877936,748060.3080672455,5.338482598967806,30,0
58,647656.8601719483,665.3199546002548,891191.578931178,7.845616516852828,18,0
28,702176.5004422035,600.4652615862879,984315.4041281894,7.413690760559876,13,0
62,317872.45864355477,657.8955602566577,892234.537016907,18.402257063125248,34,0
56,556744.991007488,545.8428294254342,1041196.9227956632,13.757310387161482,0,0
53,848396.1020000563,628.4528936480871,306127.6455353678,10.02669158461321,27,0
46,791736.7722293318,659.6316231563135,778686.6364583609,11.569994865089194,30,0
62,470112.7800788481,676.6738702316886,205565.89393849194,11.7882274732929,27,0
41,584181.0379977103,758.0947558547617,1328128.1268876195,15.486571649880414,1,0
26,619300.7814539671,671.2089755927512,723327.9608997814,15.05827556010044,22,0
56,265257.19196962076,735.7685644047981,1504911.7551864306,11.268034501757784,2,0
36,473923.5387284737,656.4660633397648,995183.0675995618,17.908408039246993,34,0
61,650244.0491249701,678.02111811851,872948.0957971091,12.418518588738992,13,0
25,594195.2791715993,654.507282909981,1265306.4850788468,9.965776679545126,12,1
48,468917.65969400207,679.026910429636,1418397.9481307613,19.00200044931407,18,0
29,365356.8957125012,671.5774627692662,911191.2614077159,6.359967976106452,19,0
22,497733.2644836353,723.2606172957679,157277.8723006926,7.957013450893026,6,0
41,438830.4701946543,677.0403718737479,811426.064099015,19.81668754609167,4,0
23,327468.63576365577,693.9428063241628,1225335.1936951792,13.382055339517278,34,0
64,182866.23893521988,601.0173761344622,819890.3667494791,11.727105840784823,22,0
34,439564.7831637477,691.03600328279,682341.8835523166,8.523687772260612,20,0
29,207709.56387902988,749.5118868592846,346009.84841405915,11.291364900621039,26,0
42,474607.6887407029,711.3592896009094,876777.4603334551,11.59439056812832,24,0
32,275728.1907477037,764.1573748205846,737865.3140162963,12.459648805622502,20,0
21,849697.4237880036,724.9086469155599,693509.8877257942,5.0,28,0
31,491640.08606026473,690.9783070137912,816957.2466765769,12.338644106799444,3,0
62,658006.4111293814,710.968774823598,493486.8455744048,7.2162804562436165,34,0
54,597674.7619855924,695.2834956198683,730645.2916389777,13.053155651813658,21,0
48,658836.1747417223,800.9895229878052,1156931.7052833263,12.50453348790648,9,0
52,662426.7567041348,777.1838568326066,255826.0619815254,10.51441127770424,8,0
32,570481.8811165785,647.5220057155407,965303.4716436457,6.757702102834115,23,0
52,819438.148304747,702.4374886111366,907183.3774574888,14.419693805147691,24,0
57,704426.0922073903,716.5772392939092,1173837.6946938704,10.565294183100264,9,0
54,461259.72718253447,654.0074124550603,1282115.6618644018,14.409091943541837,13,0
30,407340.8149727114,643.7597724200048,590659.2800698462,16.444590222506335,6,0
50,748167.5606696529,740.4713535009129,627222.9347232808,20.056252066072663,27,0
35,619270.3824694306,789.1070814570317,604703.2633457538,9.824975262879402,24,0
23,482683.57739594096,683.830275659893,837013.3380159063,5.266391460853483,11,0
30,233373.86005557643,721.7315950492118,1250732.247671741,12.799842524014519,11,0
32,372973.78705466434,714.6887362790459,663608.9066808992,11.94951601088232,17,0
22,366910.7700815451,698.1214165676412,1323020.2929775417,9.030955249110502,34,0
55,692181.0791774518,643.5111402667205,1482747.7992875045,11.52012993834829,22,0
38,575403.7054850147,619.9533098862842,818513.3412514434,14.082398844221686,15,0
26,559784.7935028047,674.109094387454,808462.6754303805,8.696995204388962,32,0
59,620821.5293060709,654.2598567143023,1099090.5660897442,14.398730412947947,20,0
52,656853.6649664816,654.5096364370373,1483711.1337179814,15.822001828650942,10,0
35,589166.2919961282,650.6963234341428,684573.911189783,11.37752642995916,33,0
38,595673.4472779499,634.7416354548674,1259711.5334904217,17.175118399837455,21,0
43,500799.9281367554,745.703581797888,1144250.383704125,11.179536569014981,2,0
37,585427.0806730528,639.6466363237583,965519.8243857188,9.030363311883757,29,0
26,700376.7655433257,598.1834801519151,1479280.583344466,13.953845586257644,32,0
60,631591.9976250181,618.4807590106412,786534.8878324409,10.436091405857645,19,0
41,712624.5767659973,619.6853768402844,1450830.2040268825,7.038115845665465,33,0
23,690051.8329208961,782.319635210187,825653.3034844565,14.600564037380256,26,0
43,616770.1925761837,713.399156597371,1423024.7748773263,14.876316131804451,4,0
25,459697.65104260383,689.1974218435442,932092.817328568,12.342146743265905,34,0
54,810306.5132152502,573.583397312407,859658.712762126,15.156378634323891,8,0
60,614532.5850030542,678.2246801413276,954329.6878064526,10.824363492232425,23,0
53,533817.9392114981,614.5064522200901,476485.62754562206,16.564815335549316,25,0
45,417739.0599390003,729.8806113753719,1170276.4664576869,15.370654306973366,15,0
31,296705.04054154514,616.5186632130097,1384010.856518962,11.325530905853128,13,0
37,476380.7795106367,567.106890594764,1037936.7291152626,9.536111239075293,34,0
62,387079.0262800767,654.8910738701967,917603.5074887729,11.314642182485628,25,0
53,316102.45238386537,744.0955840378118,902978.1365652292,16.70351003207321,0,0
64,614319.9763862962,686.5060291015162,293779.4593817834,9.13997066551166,8,0
40,893635.138816178,600.488676772593,1085268.4698096968,8.795337817489386,28,0
39,315657.3372784611,715.2411713286791,1292724.725251255,15.22618880324594,17,0
39,800229.9656748469,701.6533649068066,1196642.9813479374,12.115252240197025,5,0
21,437553.6343895819,682.3563883935116,861715.714198735,8.345189317618622,14,0
33,183138.44250329374,703.5447438027452,881228.0121554561,10.819906581576191,3,0
42,582251.6184200309,603.0618176349957,970660.0812170565,12.638382509586547,8,0
37,623839.3237779927,796.9230592072962,1451555.2724727998,14.64154257000709,15,0
48,857454.0527506801,669.6735060617003,196692.10059554758,18.732431702204313,7,0
39,330643.97357214044,646.9136966308606,539164.0931034368,17.318654691363278,23,0
36,518693.9376738248,638.6933418941472,163725.182830733,16.272258687786884,29,0
63,789478.673255092,729.4766783015901,1118527.979405304,12.610121215477992,6,0
49,227060.37701375748,643.3128595578286,727534.8631147176,8.467307111032206,19,0
40,517176.3185895989,576.2829383102816,1211851.163986417,12.411179432523165,15,0
31,621622.9699160332,603.3212815377397,858001.9902055006,6.700775988331436,12,0
64,612265.7796115974,632.6608827797821,894972.1979053915,14.30909223366733,19,0
46,433914.7292550423,694.9722556222883,1365310.536290421,17.71357503886572,11,0
21,538086.2070633878,702.3276857817965,1197437.0967464717,15.331697309361925,18,0
45,661833.6427766185,555.4848532831434,689282.4083491188,13.30319926024559,20,0
53,681542.3745418906,734.8094465236113,1429875.81063043,9.789857319359372,6,0
60,611324.2637252324,568.3265671396787,1006171.3219811647,20.118460002265127,0,0
35,684238.8790475032,607.43536635699,985530.9979736618,17.18789834887698,30,0
58,465047.5418998006,687.7052670540202,765088.3256466404,7.32587769217989,29,0
60,252927.75696112233,690.1350477801386,363096.34759888356,16.813034453793545,26,0
35,714310.4981639585,644.0356618022298,543457.7532756834,15.158459149832465,8,0
48,571158.8743029238,603.182427775779,591750.7470991608,13.1823457864038,8,0
23,490180.2658154505,654.262856112746,960669.2005910712,13.463375519794514,10,0
38,687414.9122022572,661.3249081780565,1337471.9772416877,12.37856209261014,8,0
22,158012.91590856743,624.682807460626,905447.0336877606,16.997456822678085,25,0
23,597170.0505155716,645.0242583744166,954186.7504374827,11.769156767372815,19,0
51,415054.76350974897,698.9778374995436,170251.96879510954,13.784162729848479,22,0
30,480211.64909369126,768.4111459384283,710661.8672432445,14.00880449521945,10,0
44,421577.4780624192,716.2302644547746,973450.2792135827,8.474199883451039,27,0
25,268088.14693318045,568.9665799248531,590407.9084770352,22.17225972274738,24,0
57,664185.9565882933,683.5388010883725,406127.02287561435,12.430729759497233,1,0
51,150000.0,703.1239829056076,986428.7317299664,14.493651775638426,10,0
37,410552.5169579552,557.1362841973626,1083729.5253664833,11.027926764530298,34,0
26,463598.12180325144,658.9381679255683,428607.0507521401,18.587269318589563,20,0
60,798032.5123980492,724.4846913356808,1122365.08678254,11.124698423393243,1,0
22,632698.4962874252,605.247679800068,757182.9092595716,14.591076307758708,14,0
47,357186.34817849554,569.1463805592971,1084426.212487918,11.733878593873905,28,0
53,280015.5419868369,696.3315378706346,633868.4040407501,9.11102577989194,20,0
34,772054.1337446449,677.2017986341627,1216496.8471331578,7.9664001629601975,21,0
32,703964.4774226879,720.5555023751496,1006298.5798523128,10.197356994675886,9,0
60,697835.0971493234,644.097526704878,488029.4409393185,12.250160693429741,15,0
32,187862.67987792363,671.053194468247,1259971.8243460744,9.447583618929368,17,0
54,501619.890922504,668.461249817585,247402.56517502596,10.753281126242843,9,0
58,748867.9640516613,642.8250906382376,712810.7585567737,14.672542280379913,27,0
45,304604.65960231563,550.8630333598473,1723680.688507601,17.667631925759007,22,0
47,646670.0161994122,702.4207044172597,1504043.8683018116,7.306364323949813,32,0
41,628050.2033067946,741.3908917980702,892348.3705030901,16.771812707200077,33,0
53,682950.3946139177,560.89943327886,1100262.6998330522,16.2045669651082,26,0
59,747401.2722456072,648.035390778805,583021.2266277566,12.975771015109666,33,0
49,886007.7729518984,657.0444108013759,1486770.2725228816,16.351396255371377,29,0
39,533479.6908828965,766.833127657915,598008.0599705547,11.158509711465841,14,0
22,360910.5421069072,634.1288207841492,1101734.5206823733,17.77635791619985,19,0
31,402615.3497706213,585.1075984523553,1154314.0688215045,10.95489949226571,20,0
31,758210.8519586201,740.0791074968101,890994.366174086,7.002976396632759,17,0
61,150000.0,615.2158965982071,760583.1480306257,5.3043548389718795,22,0
23,375500.89374029194,603.6860157523745,872518.6509972276,22.671574310567124,1,0
52,682295.601532739,793.4307556980492,1020310.8008198465,6.743487911975672,24,0
60,424090.90148172586,768.2108201220229,1084084.7367856263,6.199075804148411,28,0
52,452754.7115545502,618.4016091529263,416815.7122573777,12.426935416898724,16,0
36,640587.2865560155,698.3006865881505,984247.5994048483,16.10135090552608,4,0
27,532631.045884721,653.6600810887929,803453.4142782467,14.205409783619157,23,0
41,674903.4505695648,620.813773666907,984581.3070366523,13.924564257554657,8,0
43,517929.29737950175,801.3220053171646,1197512.5749612155,16.73599075813128,6,0
29,449572.2986836912,621.1443646044164,826496.0933959688,13.144132819858337,17,0
38,427174.74635779375,732.1188793074097,994646.2079013482,14.041432676214168,11,0
52,334177.1352108118,653.5557664259618,773104.1291570691,15.587174054093135,32,0
28,554289.1460888993,718.8892666701546,1166260.6176927076,13.717984069296955,27,0
63,609501.0771520525,725.5296274694442,1187597.481979794,8.286892377409515,8,0
30,414665.16525299917,669.4609860751015,907866.5405095865,15.05407547616412,28,1
48,782368.0731179322,661.2382274860853,1398664.9302856526,7.367268139590421,30,0
58,365751.39006043924,658.585027744683,907488.0687907386,17.119052523168016,17,0
52,416878.18275847903,727.9771221256382,892921.5120392399,13.904765873300185,25,0
29,368625.1385817601,667.6127722199017,1425705.9810618414,19.0081121117999,19,0
59,583635.3941368982,675.0276880643806,1157266.7645139073,13.4735338488431,4,0
21,715886.8231212248,616.7077835552996,473883.6147365025,13.916669544912665,23,0
52,512254.30844736856,634.3344411860736,50000.0,9.124912422465052,12,0
44,370458.25228738436,754.0011603175083,1656418.3849643907,14.522629225808117,18,1
53,376190.7224266902,713.6260561799085,1615847.6582462536,14.639478989812742,13,0
28,578722.6409530127,664.5005076552171,50000.0,14.354649867649975,25,0
21,526659.1539898058,784.7311414977444,714444.8047349884,11.830821387089317,29,0
51,374073.8580104456,692.3604830666911,403362.20440915984,11.907593248961359,17,0
48,459522.3271976549,711.6414421554612,972732.7254386626,9.412068950563892,7,0
56,387015.7183839354,688.1307331409173,882847.7067118377,10.946268578036392,11,0
41,308709.0583476111,705.9965000144016,974367.4387167398,23.820221839663894,23,0
21,498854.5123456237,549.0323929537375,1060095.8112772484,15.166184645193661,30,0
61,519246.598444644,631.2347336616851,1243433.0774459396,8.31805405025996,32,0
23,639698.1859258511,603.5951218272171,199875.43243138166,8.729738854422374,31,0
27,839429.3748859344,738.5751521370817,102823.9582994954,14.900412280522264,6,0
55,499208.47525918385,624.9112541784036,771218.0602634341,17.461421745272375,19,0
34,672281.3966606301,783.9012142511888,1041855.1839116261,14.499685854012691,31,0
49,729416.6237756605,692.2496154540927,1083975.3717610415,16.287484436543174,18,0
25,564644.9524867128,584.7200814959807,599497.9184246913,12.579655641695659,21,0
41,725763.4361404597,592.281053727236,1400214.737736173,5.041975640327897,18,0
38,617830.5529727607,670.4325954755873,301237.62914236705,8.571814445926911,21,0
60,348121.1717780167,582.4892881911362,485959.53446024563,10.249800193458118,13,0
43,777144.9559881419,711.1686904011781,1288854.6692865728,8.83915322180764,31,0
39,517204.1837008706,591.2108841299253,1209535.5508362092,19.8315918012238,24,0
52,690201.6946825557,539.4041192040921,1000434.1009479514,11.00167997937305,25,0
44,346527.2125360635,675.0481918110514,1363839.604961635,19.583404444912443,33,0
35,423204.69787959853,636.2867230659244,1228448.8172164578,12.12995508180709,18,0
37,501893.44691744493,690.7901056141477,678746.7944289225,17.276861746540387,32,0
38,626057.7212693794,795.7711974487836,1039892.8248842407,13.11783619830676,14,0
28,624662.3658778565,638.6610179681741,936903.6084488977,15.71752326028366,10,0
28,701567.093176504,687.0556683285427,524148.58964473003,10.784120797505228,25,0
56,371179.04455199285,634.755396672387,758087.2928339811,13.617720247834708,23,0
21,581330.0192056611,640.8141265072356,1023804.2884687174,14.148130557331955,5,0
42,707298.407539456,670.1269690105499,513568.2265065704,15.326301081559073,31,0
50,811352.3271018949,705.6115044739294,519499.0656315352,15.751608178446538,1,0
51,361857.5365293119,635.939299322684,1193157.0255917571,14.755837543090424,20,0
30,788096.2329008497,691.4091446591206,920095.0277421292,18.59442951846724,23,0
30,201694.881126592,608.4466420241714,727079.9179250819,16.958437662184615,13,0
22,322101.6554820216,626.748396595435,508522.3329378119,11.54615178052139,1,0
41,727588.703266859,789.4803700847121,516940.38345631486,5.0,3,0
37,568458.99542683,647.3713576922084,1234770.3991482197,12.498537482637344,31,0
36,931216.3094260178,687.1113769860939,1142734.1870939815,9.044798916488613,22,0
63,260277.61785362446,581.9373104167586,688031.1198690481,9.508196673480034,31,0
47,677848.2241191523,758.4798617509434,784330.5224422992,11.647560174788758,18,0
56,433987.53867916396,651.8423131813113,607508.1089259707,11.777711437948211,5,0
23,631319.4714012658,732.5938654156255,608247.117736609,11.494218152108656,12,0
40,1046684.0189933633,637.6809784597164,411443.9682314749,20.84537498270195,11,0
26,249233.10236588737,605.3437118230273,920917.1247750542,11.477309915754285,3,0
34,405685.76428327005,620.1816404450603,827028.4963301383,16.29187906410195,12,0
23,568669.7625769171,672.9630575621834,916083.934703348,10.673662241045603,26,0
53,634131.6014115341,692.4912209733333,602325.7606258641,18.398333703867525,7,0
61,689621.3279525712,724.1041357255649,1100955.9705606292,18.081413055157313,7,0
59,595501.441231919,724.9294630820821,1258708.6203670544,10.277347463802437,32,0
52,653724.514512443,574.8440640292736,132426.0195990021,17.439625068153834,10,0
32,815324.2796895872,672.6185053281846,689201.5531376178,11.805738725878482,26,0
43,553186.663114517,682.3204499493315,529284.5409867862,16.294301881860946,19,0
21,388857.6084591672,770.8810629468151,764817.3781780893,16.763399776019753,18,0
42,195868.27128458605,617.8820440917118,406907.0402379235,14.216011860441053,3,0
64,302637.3701722856,717.6877768753144,1114531.3545169176,19.659405654232412,14,0
22,345376.0515507116,735.4717262299696,865431.428912597,5.0,5,0
35,551809.0763021981,630.8276223348815,870194.5794148159,9.248066415464095,2,0
39,674738.3444846871,560.1430429955974,1114747.614502343,11.578367005892575,9,0
56,150000.0,618.683009906062,1197961.45736772,5.0,28,0
31,576363.9513210038,570.4922602403918,794073.2826636516,8.634657538896146,7,0
55,347125.05437120446,567.8714779676942,1129121.6729894846,10.870366250169251,15,0
27,420073.70067215257,646.7633202110951,1018868.5185290264,15.68998041624813,4,0
31,999199.5900650239,677.5270989894972,776801.7300022058,19.221486979843313,32,0
47,462567.24059091264,700.4225257842749,880210.1162717036,13.76325176388045,1,0
35,476885.7685007917,727.2408044682365,567750.3706189304,13.016691048466644,27,0
28,740377.5432647447,570.4335964241031,676105.5520455135,13.48640185092212,24,0
50,516024.6026624225,721.7728014358898,1357985.164911328,7.9105145851483005,8,0
51,224741.98549198557,695.3246836924726,1514041.6961174635,5.0,19,0
63,777643.2282088022,658.4237653890646,952230.5386782082,18.097905392657584,25,0
45,522621.59936674667,726.9555178500493,832458.5507994755,13.63602675230092,22,0
29,599509.7753536695,773.4503768403345,613095.7675302008,11.748401166623546,11,0
46,894555.9818248699,685.0875713586398,1504661.7033681073,14.421297525710052,13,0
52,565482.1283413183,526.3983200060377,439918.2646215988,15.883985847633175,34,0
62,759981.1302908992,656.3703193458321,50000.0,8.611872596908775,19,0
63,621294.6178004416,602.1595002944459,850184.4535036607,20.871646212790942,2,0
45,595399.4681858165,588.0493944535228,1598634.775315457,12.800793777280244,2,0
35,668741.7160192663,780.8989420083963,987811.5151528661,9.590815848724883,7,0
56,235387.48402029433,715.5136885675589,1176461.8790157093,18.676579322842773,8,0
36,881159.529949524,728.2540415513438,1334146.8549262164,17.329729412761107,12,0
31,732098.1800699322,715.6202661999828,684179.4666900972,13.254998154828911,2,0
54,693232.3351248181,697.5744875017256,449373.2400989369,12.998633659914297,14,0
31,817158.9536603463,833.9838471919588,1015319.6773688813,13.132635122114051,27,0
63,917119.2572470505,762.2591345616631,1153377.6485975566,16.34171368261556,26,0
48,763449.548885673,720.886681136879,1004792.4958460244,17.67317874697111,22,0
50,410646.9714433673,641.8694657705323,1728859.0495945588,9.012894679339535,18,1
52,590899.9376535357,709.1777477616176,494812.0002838604,24.37609633150374,30,0
29,451532.91052276886,650.5143583311049,790251.5397427224,15.100277276399893,15,0
64,399891.6188066357,693.1634835167782,662215.3866809804,17.052383498916402,10,0
29,539188.2225239563,705.7493776674585,1164683.9726857166,15.070490923883154,26,0
44,690272.5534975324,641.5661857237388,1006434.0261950284,17.975641839901357,30,0
57,616967.1331397945,588.8941994159062,941420.5511796526,12.515796588201546,24,0
37,566248.880569854,591.0375569641319,1035074.7097192749,10.469464449157293,3,1
26,625642.9319321001,692.0230921094736,873086.7259563729,11.178317412326553,29,0
52,510541.7546160729,701.4542371879783,697098.7191252452,12.625645066924355,13,0
63,428648.45595866663,707.5468636945377,793670.4618820521,16.986247210251847,26,0
33,621612.9709553515,604.269327258722,1119459.1577944672,15.646762013961354,15,0
40,522534.9020363302,710.0400778233075,1011717.4011379257,20.11732352075075,23,0
24,694609.5274414591,668.9512867423433,1091173.2169463274,14.45038863833937,3,0
33,558303.396043716,603.7293128970633,1082754.52345634,17.905721101288247,14,0
59,641640.328399558,719.2239099857715,620461.604782558,9.16109382147823,21,0
33,570313.8825493766,674.3433283004204,774785.2744705693,10.596353818773514,10,0
55,230809.65847452334,699.9957654222221,713262.298759559,13.108867951792332,7,0
26,493536.40274338616,629.1171685000015,1009921.9572731178,14.689260235787645,21,0
37,150000.0,559.0429620193415,1072483.9501625975,20.02893957401338,15,0
56,470062.86599957425,689.073389546834,1230272.7993385955,5.054511597928985,22,0
25,781110.5099136771,590.6183241094908,1474332.086133842,12.75585137984033,18,0
47,406142.46135342016,598.781108765198,1114742.9755047017,12.254034275485422,6,0
38,380256.3978128701,683.9507983545724,752370.720979278,14.491815176209498,32,0
61,261763.95467806119,575.7940299802586,628306.7724738943,9.385882859338423,7,0
42,528098.0228192954,635.6654200692284,910417.6583931615,13.297996276364326,9,0
25,681598.818141872,667.9097324391528,760732.8841646921,11.537439993139435,15,0
39,758266.7635392513,672.7095009480843,283894.52226841275,11.185544690072161,9,0
54,560990.9596548411,766.70227285327,1273781.7621082368,11.480663053230545,34,0
24,569267.8337528891,744.7696041547052,889634.0747845275,15.55925147617482,26,0
35,312706.7235433455,571.8571282535938,772466.8665607672,12.898744254118865,0,0
24,515089.48208821646,750.1957140488763,376408.01296807587,16.822318679867525,8,0
27,625479.9787415805,703.6603144723257,1005289.2263565639,6.778275119471026,19,0
43,498356.43611503445,638.3499289756949,1380800.460103759,12.749186079651546,4,1
50,403898.7802381482,686.2414770790349,1395145.3820003537,7.632728486091336,3,0
28,600392.9702523709,563.8804902929785,1201860.4365906774,9.834824567736343,18,1
22,835795.2372230885,648.294929672687,610266.6565036748,8.9943581151133,20,0
34,549818.6277184036,659.9147435837289,949693.5511370938,18.393696432458327,16,0
40,631134.5778323432,676.3245127158967,952408.6739148424,13.029996868121597,34,0
59,622858.941154556,668.9910990287547,854412.005035648,12.168702517599375,2,0
25,543163.1412645025,569.2626394702345,1190470.407545771,11.17879203706989,30,0
37,708840.2412194721,610.5028155229924,634822.1343683505,14.30851546638759,14,0
57,451047.0735892592,555.9046176222151,1768506.6231691022,17.06589901221823,10,1
32,588791.0222244743,728.873651872118,1483625.0798982086,13.859456200354234,7,0
40,584431.0857481953,633.693838465611,453171.3628566935,14.394647453486892,31,0
29,930355.8445916914,588.9842321563062,1283929.8217251357,13.679881303718007,17,0
55,426101.63572548865,692.5629105770616,887829.5056918011,5.317095688477786,8,0
36,406162.7201033158,637.2449271679599,1417240.6071124498,6.398844709531675,23,0
61,374501.54631214263,653.2449919368569,517066.9417550974,11.669264064683235,9,0
47,683011.9760633314,655.8217298589024,591735.3284878441,11.23588694899429,21,0
24,337529.9862861745,698.5055065922859,1137926.1855662067,14.330215106061791,14,0
46,278357.6056909326,650.8848124241634,1901486.2893190729,16.501506174516226,15,0
49,422684.64594022976,706.7205468873016,792145.9007941247,10.31738757292183,21,0
23,658091.5602707331,653.1552339270952,924303.7113404094,15.37676948644861,22,0
54,525752.9479332663,668.1722810895742,982268.9273479128,11.65735992347267,26,0
62,561463.5067333946,626.015738463245,668852.7160455278,12.38090527051819,2,0
64,591051.3578861811,553.8898654097706,1156138.611405666,7.871400259187839,16,0
51,1084372.923926774,789.5128944909528,1013711.1198399022,12.966162773180566,25,0
43,282497.78146307665,774.1507211376322,1397597.9315571014,18.544904771059322,14,0
46,329549.76574903645,659.9264734678884,1137676.046513022,6.189905104027067,1,0
62,422765.6968092411,644.5626697612857,199640.85653688165,12.02395616571303,33,0
43,561203.8869766644,687.2198414588966,1365729.3001636218,13.297261951093681,32,0
64,401333.1834787569,599.91579524464,1111877.5819634588,13.05902026586094,30,0
28,234769.98794358497,597.8222953145776,879640.3046723547,19.251778656429217,19,0
45,564185.1156076726,657.2243043988677,407573.9881441531,15.84740131551114,25,0
52,343516.9965267567,637.099487509129,1025612.4333843719,12.080642873443434,15,0
31,474377.0590557227,675.937059010766,801857.2770028305,17.44386227736092,15,0
36,516823.5399070077,584.2930983752427,629999.7592166599,10.97648674110721,13,0
52,482558.3843183495,675.6022625467991,712998.5176604964,11.174910834337055,2,0
46,404301.499916379,677.8792018096909,1099388.831505475,17.96569614633296,22,0
43,745989.3921652273,626.2451646731008,677164.0669082133,19.90597433899499,8,0
57,655637.9474894272,725.2603602522598,1152113.3785228634,15.750443034952825,7,0
43,437572.9430538244,696.72423471243,1144749.2095080628,8.648899669847136,14,0
52,546582.1406012487,739.311817121739,1229285.5352856177,6.92116314758193,11,0
51,696132.106235595,734.9225187696463,565965.2860742274,16.856658734368608,13,0
25,588572.4527623653,729.7614133140561,461015.74662539415,17.58441617327956,26,0
26,523053.2587855203,593.4160581047098,1269758.9956626936,10.173725648402108,19,0
49,470649.09604025516,688.6492442470272,245459.21129407245,18.771264251930464,27,0
57,558369.8198362952,686.1686188227407,935382.2149372138,11.056517610965711,23,0
36,497684.55529512366,749.0533265117385,1211333.0250879917,7.160900334943158,21,0
37,861714.161650721,685.8263975238822,268713.59682550223,13.208212951839482,10,0
42,312111.6944218768,592.856024513139,415608.23378928995,14.550639173312934,4,0
23,334964.57168572117,637.8679927384024,1081001.4708850419,8.512982000651505,22,0
42,325493.9247094707,739.8370555084588,554225.5579973251,16.983513954194915,20,0
50,385761.43173508125,675.5123827346483,1239556.4939228217,11.663018646602351,28,0
25,399705.53699318896,656.6847138850873,896459.2624692959,16.5844419689717,15,0
42,349952.8704575724,595.9254656464676,1112253.0282564894,14.93388149883472,31,0
28,461299.02855571255,594.083118315035,907458.8761514528,7.601371114386289,23,0
41,347223.25158254744,559.6799330225136,1155302.563037558,8.100214326961357,7,0
41,376137.9957656307,753.4917580402158,50000.0,14.150416345586123,21,0
41,690729.2461323881,746.5097313902937,1083663.3035413595,11.901815140175028,15,0
35,459717.60396872286,631.1027104572514,698308.7471070699,18.098267581505542,21,0
23,563834.5959876612,695.3693336152878,1212231.1359564725,13.25925798738616,1,1
29,456859.7652608535,699.4657170760215,729865.3409560473,9.641777463455195,34,0
28,486751.2960119061,727.9234662182746,354344.8203741135,20.715443117995672,6,0
43,631212.1076483084,627.2719715349455,1214548.793641713,10.021335971909044,31,0
59,627498.579871585,567.9389112405488,1158679.481190228,9.47374456650336,14,0
34,460662.69697237446,735.9754968420837,1037751.639890258,7.801369093400797,15,0
34,569915.1375874822,667.1975134161175,1084258.7536282705,18.21940476005922,7,0
45,556438.9250620025,752.892287554213,1016252.9606694836,16.312332370008864,27,0
35,513142.13044699363,724.8654468643102,652732.0901750012,10.99337284522424,31,0
37,514227.3178680041,681.8751755401702,866670.7562205391,7.590697663873916,19,0
27,521982.5023861053,687.9367370306629,1119981.463183179,15.289907681044326,2,0
49,479106.30058454175,822.0712902797143,985778.6085778794,18.31486355001477,6,0
59,573196.2673239585,734.4526325294747,1496316.7129399916,11.293396749669833,17,0
25,457940.0912759497,758.1991068072659,290657.84906042716,9.289375621064618,30,0
60,533115.9868748916,576.5017305403214,509929.406426771,12.025344532551607,7,0
63,397199.89966153534,646.1432029280301,769517.4224874849,13.396953286888708,20,0
24,393626.28073151805,728.7689589725843,1024176.4076005017,13.157318113778356,22,0
40,555696.5644889546,677.7586628529226,680141.6481157874,13.268576466301921,24,0
32,616090.5743782932,694.5199020922076,811472.9941681866,10.528283786927306,1,0
51,150000.0,721.8890581837882,1165297.722469794,11.98227150941015,0,0
